<?xml version="1.0" encoding="UTF-8"?>
<project-private xmlns="http://www.netbeans.org/ns/project-private/1">
    <editor-bookmarks xmlns="http://www.netbeans.org/ns/editor-bookmarks/2" lastBookmarkId="0"/>
    <open-files xmlns="http://www.netbeans.org/ns/projectui-open-files/2">
        <group>
            <file>file:/Users/rachelwang/Desktop/HomeworkFeb13%20date/src/UserInterface/ManagePatient/ViewPatient.java</file>
            <file>file:/Users/rachelwang/Desktop/HomeworkFeb13%20date/src/Interface/MainJFrame.java</file>
            <file>file:/Users/rachelwang/Desktop/HomeworkFeb13%20date/src/UserInterface/ManageVitalsign/ViewAbnormality.java</file>
            <file>file:/Users/rachelwang/Desktop/HomeworkFeb13%20date/src/Business/VitalsignCatalog.java</file>
            <file>file:/Users/rachelwang/Desktop/HomeworkFeb13%20date/src/Business/Patient.java</file>
            <file>file:/Users/rachelwang/Desktop/HomeworkFeb13%20date/src/Business/Vitalsign.java</file>
            <file>file:/Users/rachelwang/Desktop/HomeworkFeb13%20date/src/UserInterface/ManageVitalsign/ManageVitalsignWorkArea.java</file>
            <file>file:/Users/rachelwang/Desktop/HomeworkFeb13%20date/src/UserInterface/ManagePatient/ManagePatientWorkArea.java</file>
            <file>file:/Users/rachelwang/Desktop/HomeworkFeb13%20date/src/UserInterface/ManageVitalsign/Login.java</file>
            <file>file:/Users/rachelwang/Desktop/HomeworkFeb13%20date/src/Business/PatientDirectory.java</file>
            <file>file:/Users/rachelwang/Desktop/HomeworkFeb13%20date/src/UserInterface/ManagePatient/AddPatient.java</file>
            <file>file:/Users/rachelwang/Desktop/HomeworkFeb13%20date/src/UserInterface/ManageVitalsign/CreateNewInfo.java</file>
        </group>
    </open-files>
</project-private>
