Order-Id,Item-id,Product-Id,Quantity,Sales-Id,Customer-Id,Sales-Price-Per-Prod,Market-Segment
0,0,12,21,9,6,105,education
1,1,12,28,3,5,103,retail
2,2,7,2,4,28,131,realestate
3,3,19,28,7,19,86,realestate
4,4,10,2,4,1,124,pharmaceutical
5,5,5,18,2,26,140,financial
6,6,0,18,0,22,120,education
7,7,17,14,7,12,184,education
8,8,8,7,7,16,126,education
9,9,5,14,7,14,110,pharmaceutical
10,10,19,23,6,1,101,retail
11,11,11,6,8,20,96,software
12,12,10,26,7,10,134,realestate
13,13,8,26,2,14,121,retail
14,14,5,3,0,24,121,financial
15,15,10,25,9,13,159,realestate
16,16,7,8,6,20,163,realestate
17,17,5,23,2,16,113,financial
18,18,13,1,3,15,136,education
19,19,1,29,8,15,199,software
20,20,5,25,6,19,137,software
21,21,9,7,2,14,64,retail
22,22,10,13,9,23,97,financial
23,23,14,29,4,23,189,software
24,24,3,19,3,18,172,pharmaceutical
25,25,2,11,9,3,203,education
26,26,6,5,0,2,48,software
27,27,9,6,4,12,90,pharmaceutical
28,28,8,15,5,4,154,realestate
29,29,16,22,2,11,158,financial
30,30,15,4,5,9,218,financial
31,31,17,3,4,19,201,retail
32,32,9,8,9,4,55,retail
33,33,15,20,8,9,187,realestate
34,34,16,10,0,7,148,retail
35,35,5,3,1,15,132,pharmaceutical
36,36,2,17,6,3,219,realestate
37,37,1,11,2,0,182,retail
38,38,13,13,9,25,105,education
39,39,17,19,5,24,192,pharmaceutical
40,40,17,25,3,3,201,software
41,41,3,5,5,27,180,realestate
42,42,12,17,9,4,81,education
43,43,6,26,9,1,70,financial
44,44,0,26,2,15,119,education
45,45,15,26,0,26,200,financial
46,46,9,17,7,17,100,realestate
47,47,16,25,4,25,146,financial
48,48,14,25,1,14,194,realestate
49,49,17,17,0,22,201,retail
50,50,1,0,1,1,203,software
51,51,1,27,5,21,183,realestate
52,52,14,21,2,26,196,software
53,53,15,14,4,8,207,realestate
54,54,19,14,8,9,96,financial
55,55,8,0,3,1,178,software
56,56,12,12,8,1,91,retail
57,57,7,11,7,4,151,pharmaceutical
58,58,15,28,2,7,209,financial
59,59,5,28,1,29,108,software
60,60,8,19,1,29,193,pharmaceutical
61,61,7,11,0,1,159,education
62,62,16,29,4,19,161,retail
63,63,16,19,4,28,147,education
64,64,8,7,0,17,151,realestate
65,65,17,11,6,9,195,software
66,66,1,12,2,13,229,retail
67,67,5,13,4,23,127,pharmaceutical
68,68,1,22,9,4,170,realestate
69,69,2,21,2,17,201,software
70,70,15,20,1,16,192,financial
71,71,6,17,3,17,61,software
72,72,11,27,8,16,126,software
73,73,5,18,5,20,105,software
74,74,10,10,1,28,113,pharmaceutical
75,75,16,19,2,28,162,retail
76,76,7,15,2,8,123,pharmaceutical
77,77,3,0,1,23,215,financial
78,78,7,23,2,2,140,retail
79,79,12,23,3,18,78,software
80,80,10,24,3,2,105,software
81,81,13,5,4,11,102,financial
82,82,19,6,4,25,88,realestate
83,83,18,9,8,1,73,education
84,84,4,20,4,24,139,pharmaceutical
85,85,15,17,1,22,201,pharmaceutical
86,86,19,27,9,10,110,realestate
87,87,13,26,3,12,131,pharmaceutical
88,88,6,1,6,5,42,realestate
89,89,14,26,9,21,188,realestate
90,90,19,3,7,13,71,financial
91,91,14,26,6,19,194,financial
92,92,2,12,2,13,210,software
93,93,2,14,5,2,208,pharmaceutical
94,94,12,11,6,3,108,education
95,95,19,28,4,29,73,education
96,96,5,15,8,24,134,pharmaceutical
97,97,0,22,4,21,119,education
98,98,17,9,4,23,195,retail
99,99,7,9,1,18,136,software
100,100,4,11,3,19,192,realestate
101,101,19,7,2,14,72,financial
102,102,10,4,3,18,159,retail
103,103,15,19,1,6,199,financial
104,104,12,4,9,29,108,financial
105,105,13,15,9,20,145,pharmaceutical
106,106,18,9,8,16,65,pharmaceutical
107,107,13,2,6,1,88,realestate
108,108,2,24,9,20,199,realestate
109,109,2,16,7,27,218,realestate
110,110,2,6,8,16,217,retail
111,111,10,21,2,9,143,retail
112,112,3,7,2,8,175,retail
113,113,9,24,8,0,45,realestate
114,114,15,2,4,13,202,software
115,115,3,17,2,20,196,software
116,116,12,21,8,0,96,pharmaceutical
117,117,10,0,2,21,155,education
118,118,13,2,6,28,118,retail
119,119,0,18,6,10,122,education
120,120,19,8,3,22,110,financial
121,121,17,19,4,21,199,pharmaceutical
122,122,14,1,5,14,187,realestate
123,123,4,23,1,11,160,realestate
124,124,2,11,2,6,201,software
125,125,0,28,3,3,123,software
126,126,7,26,8,25,125,realestate
127,127,13,29,9,10,94,education
128,128,6,25,1,0,69,software
129,129,2,4,7,8,211,financial
130,130,5,19,7,3,128,realestate
131,131,16,13,1,16,153,retail
132,132,9,11,0,12,75,retail
133,133,8,16,3,14,138,realestate
134,134,9,24,4,16,75,realestate
135,135,6,27,3,15,44,education
136,136,8,0,4,0,139,realestate
137,137,0,17,5,25,121,pharmaceutical
138,138,13,15,9,21,124,realestate
139,139,5,9,0,20,121,retail
140,140,13,23,4,12,102,realestate
141,141,13,6,9,1,133,retail
142,142,15,16,2,7,211,realestate
143,143,18,20,9,2,79,education
144,144,4,11,6,14,140,retail
145,145,13,24,3,8,112,pharmaceutical
146,146,17,22,1,28,198,realestate
147,147,1,28,6,17,155,financial
148,148,16,18,5,15,160,pharmaceutical
149,149,11,11,5,21,101,software
150,150,1,12,1,11,166,pharmaceutical
151,151,7,20,4,10,119,pharmaceutical
152,152,5,1,8,5,135,education
153,153,5,1,5,5,133,financial
154,154,0,20,5,9,123,software
155,155,8,3,6,18,181,realestate
156,156,5,22,4,28,116,retail
157,157,11,20,6,4,125,education
158,158,2,12,3,22,213,pharmaceutical
159,159,15,10,2,24,182,financial
160,160,5,1,7,10,119,pharmaceutical
161,161,13,6,3,11,89,software
162,162,14,22,7,8,189,retail
163,163,7,14,7,25,160,realestate
164,164,2,24,2,7,218,education
165,165,2,18,4,17,207,software
166,166,16,9,5,19,150,education
167,167,9,9,3,4,83,realestate
168,168,0,14,9,6,120,software
169,169,2,28,8,0,218,pharmaceutical
170,170,2,24,6,15,200,pharmaceutical
171,171,9,2,9,23,73,education
172,172,16,22,8,0,162,realestate
173,173,11,23,1,18,97,software
174,174,9,12,8,27,71,pharmaceutical
175,175,19,24,3,12,86,education
176,176,2,1,6,11,199,financial
177,177,1,22,1,4,188,pharmaceutical
178,178,4,0,8,4,142,financial
179,179,10,11,3,24,94,education
180,180,14,11,1,23,188,retail
181,181,7,27,0,14,140,realestate
182,182,16,10,2,6,156,education
183,183,12,12,5,8,83,software
184,184,12,15,0,8,106,realestate
185,185,14,25,2,26,185,education
186,186,13,18,0,20,96,pharmaceutical
187,187,9,24,8,1,81,financial
188,188,6,23,0,9,40,pharmaceutical
189,189,4,4,5,25,138,financial
190,190,16,2,0,24,153,retail
191,191,13,3,1,19,145,software
192,192,6,18,7,3,75,pharmaceutical
193,193,19,28,3,5,95,pharmaceutical
194,194,14,27,4,12,191,retail
195,195,4,1,1,13,157,education
196,196,5,17,8,10,112,software
197,197,1,0,5,9,208,software
198,198,4,25,8,2,145,realestate
199,199,13,9,3,22,101,financial
200,200,12,0,4,18,102,retail
201,201,15,19,3,6,179,software
202,202,8,19,3,3,194,realestate
203,203,0,14,5,10,121,realestate
204,204,19,19,1,0,113,pharmaceutical
205,205,1,24,3,9,234,realestate
206,206,0,13,0,17,120,financial
207,207,19,3,1,14,116,financial
208,208,0,16,4,8,122,software
209,209,17,21,9,6,198,realestate
210,210,6,17,4,3,63,pharmaceutical
211,211,8,20,2,23,192,retail
212,212,13,9,9,24,144,financial
213,213,9,16,4,23,59,software
214,214,14,26,3,1,199,realestate
215,215,4,17,1,7,144,pharmaceutical
216,216,14,15,4,28,181,pharmaceutical
217,217,8,10,0,0,190,software
218,218,1,2,0,17,186,realestate
219,219,3,6,0,29,179,pharmaceutical
220,220,8,0,4,23,181,pharmaceutical
221,221,1,25,5,3,207,retail
222,222,2,1,3,0,218,financial
223,223,15,6,9,14,193,realestate
224,224,7,10,3,0,144,education
225,225,15,23,5,5,179,retail
226,226,6,14,6,3,61,retail
227,227,0,9,4,26,121,software
228,228,16,23,0,23,154,pharmaceutical
229,229,4,26,0,2,161,pharmaceutical
230,230,12,2,6,27,98,software
231,231,10,7,3,18,159,pharmaceutical
232,232,4,19,9,0,170,realestate
233,233,0,0,2,19,123,pharmaceutical
234,234,11,28,3,27,107,software
235,235,18,22,3,19,60,financial
236,236,14,24,2,6,187,realestate
237,237,14,9,4,8,179,financial
238,238,17,13,1,15,196,realestate
239,239,16,22,3,6,150,retail
240,240,15,9,2,19,212,pharmaceutical
241,241,6,25,8,13,66,education
242,242,2,14,1,9,199,software
243,243,2,26,2,20,217,software
244,244,13,24,4,27,121,education
245,245,6,14,0,17,59,financial
246,246,10,19,1,26,153,financial
247,247,18,1,0,22,55,education
248,248,0,2,7,15,123,education
249,249,16,20,2,15,162,financial
250,250,19,17,5,17,87,education
251,251,14,20,7,2,194,retail
252,252,1,13,4,22,166,pharmaceutical
253,253,2,7,0,28,213,financial
254,254,3,3,4,9,197,software
255,255,0,6,9,29,123,realestate
256,256,18,6,9,25,80,education
257,257,16,28,8,27,147,software
258,258,10,29,1,21,99,retail
259,259,6,20,0,26,79,financial
260,260,14,20,1,10,190,realestate
261,261,19,28,3,1,99,financial
262,262,0,11,2,12,120,retail
263,263,7,16,7,24,133,education
264,264,11,21,0,10,126,software
265,265,7,7,0,10,151,pharmaceutical
266,266,14,5,6,26,195,pharmaceutical
267,267,8,25,3,21,148,realestate
268,268,10,23,2,13,97,realestate
269,269,4,7,1,25,193,education
270,270,7,8,8,3,155,retail
271,271,15,23,0,21,217,financial
272,272,7,7,6,12,134,retail
273,273,14,3,8,2,184,realestate
274,274,7,13,8,8,150,financial
275,275,1,7,0,24,160,pharmaceutical
276,276,2,27,4,25,212,education
277,277,6,4,0,10,40,realestate
278,278,16,16,5,6,154,retail
279,279,0,8,6,8,122,realestate
280,280,9,27,3,15,79,retail
281,281,8,14,0,22,126,education
282,282,13,14,3,16,100,pharmaceutical
283,283,3,28,4,29,191,realestate
284,284,0,28,1,14,123,retail
285,285,18,4,1,16,72,education
286,286,15,15,2,26,192,pharmaceutical
287,287,10,13,5,12,149,financial
288,288,7,6,0,14,120,pharmaceutical
289,289,4,21,1,14,147,pharmaceutical
290,290,2,23,7,12,203,realestate
291,291,2,1,8,13,199,realestate
292,292,0,12,4,20,119,education
293,293,3,3,1,27,196,software
294,294,5,25,6,0,115,realestate
295,295,18,17,4,13,101,software
296,296,14,23,1,28,199,financial
297,297,5,25,9,26,137,pharmaceutical
298,298,15,9,1,26,195,education
299,299,1,5,8,22,182,software
300,300,9,6,6,18,64,education
301,301,11,25,0,28,141,software
302,302,7,13,6,26,155,software
303,303,3,16,6,1,201,retail
304,304,15,21,2,20,208,financial
305,305,10,4,8,3,117,pharmaceutical
306,306,14,4,8,21,196,software
307,307,8,8,1,21,164,software
308,308,16,12,8,9,149,software
309,309,11,9,8,6,116,retail
310,310,8,1,8,18,207,education
311,311,0,23,5,10,123,realestate
312,312,3,20,1,15,169,realestate
313,313,6,19,8,5,56,financial
314,314,5,0,4,5,126,pharmaceutical
315,315,13,28,6,4,93,software
316,316,18,11,9,13,77,pharmaceutical
317,317,2,22,0,16,215,pharmaceutical
318,318,19,5,1,24,88,software
319,319,11,1,0,22,99,realestate
320,320,4,15,9,9,158,financial
321,321,18,2,6,5,84,pharmaceutical
322,322,13,3,4,4,98,software
323,323,0,1,0,18,119,financial
324,324,12,21,8,2,96,retail
325,325,4,1,4,25,132,retail
326,326,14,27,5,11,181,realestate
327,327,5,10,0,2,93,realestate
328,328,1,16,1,11,160,software
329,329,19,14,0,3,115,realestate
330,330,12,21,4,10,78,financial
331,331,5,10,8,28,126,education
332,332,5,1,3,8,103,realestate
333,333,16,1,9,14,161,financial
334,334,0,11,8,6,121,realestate
335,335,18,10,2,6,84,education
336,336,9,3,9,9,88,financial
337,337,10,5,7,29,158,retail
338,338,16,0,6,7,153,education
339,339,7,8,2,22,141,education
340,340,16,9,6,17,156,education
341,341,8,17,2,21,139,software
342,342,3,0,4,1,214,financial
343,343,7,24,0,15,135,pharmaceutical
344,344,7,9,5,8,155,realestate
345,345,12,22,3,28,79,retail
346,346,12,28,1,23,84,financial
347,347,12,27,6,29,109,financial
348,348,17,8,7,12,192,realestate
349,349,17,28,1,18,186,pharmaceutical
350,350,10,29,5,18,147,financial
351,351,0,29,6,3,120,financial
352,352,7,11,0,6,121,financial
353,353,10,16,1,14,92,pharmaceutical
354,354,1,7,3,9,162,software
355,355,5,6,7,17,138,realestate
356,356,8,9,7,7,131,pharmaceutical
357,357,13,23,6,23,96,education
358,358,4,7,4,18,156,software
359,359,13,19,0,6,146,pharmaceutical
360,360,15,25,2,18,193,retail
361,361,19,13,4,0,76,software
362,362,14,29,5,22,196,education
363,363,4,12,8,3,140,realestate
364,364,13,22,8,20,121,financial
365,365,6,10,1,10,61,financial
366,366,6,6,2,24,73,software
367,367,6,23,6,8,75,software
368,368,18,4,5,7,73,realestate
369,369,3,7,5,3,190,realestate
370,370,7,19,8,3,156,financial
371,371,6,15,2,27,43,education
372,372,8,28,8,7,193,realestate
373,373,3,17,1,15,215,pharmaceutical
374,374,17,12,2,4,183,pharmaceutical
375,375,17,29,5,23,193,realestate
376,376,1,23,5,10,194,realestate
377,377,7,12,8,27,129,software
378,378,3,18,8,24,207,education
379,379,1,12,8,8,199,pharmaceutical
380,380,10,5,6,29,105,education
381,381,3,14,7,6,185,education
382,382,17,21,4,25,184,realestate
383,383,8,13,5,4,199,education
384,384,16,6,2,5,158,retail
385,385,16,11,5,24,151,education
386,386,5,21,3,17,100,education
387,387,4,8,6,16,177,financial
388,388,14,18,4,29,194,realestate
389,389,7,10,3,19,125,software
390,390,14,9,3,16,183,software
391,391,5,16,2,4,94,pharmaceutical
392,392,1,4,4,25,172,retail
393,393,19,2,5,20,112,education
394,394,2,3,8,12,217,retail
395,395,19,28,3,15,102,software
396,396,1,22,5,10,218,education
397,397,6,17,2,17,79,retail
398,398,10,26,5,7,140,financial
399,399,4,5,5,23,157,software
400,400,17,20,4,23,204,education
401,401,7,6,6,13,164,education
402,402,0,15,2,14,119,pharmaceutical
403,403,18,4,0,0,56,realestate
404,404,6,7,2,18,41,education
405,405,12,9,4,24,109,software
406,406,17,22,5,23,187,software
407,407,5,21,7,11,105,realestate
408,408,16,23,3,29,150,financial
409,409,12,16,7,17,105,retail
410,410,0,13,7,26,123,software
411,411,10,14,2,6,88,education
412,412,2,5,7,7,217,software
413,413,18,17,0,9,90,pharmaceutical
414,414,19,25,3,19,113,retail
415,415,13,7,4,5,123,financial
416,416,1,15,1,2,233,education
417,417,7,8,1,28,141,realestate
418,418,16,18,7,14,159,software
419,419,17,28,6,25,201,education
420,420,4,2,1,6,156,financial
421,421,13,15,3,7,96,pharmaceutical
422,422,17,15,3,25,191,realestate
423,423,11,21,6,7,98,education
424,424,6,29,2,9,40,financial
425,425,13,0,7,4,110,pharmaceutical
426,426,14,20,5,0,179,education
427,427,17,6,2,7,188,software
428,428,10,6,3,26,94,realestate
429,429,0,28,2,17,119,financial
430,430,3,0,8,0,193,retail
431,431,4,20,5,14,168,financial
432,432,4,28,0,4,139,education
433,433,19,7,3,26,108,retail
434,434,11,9,0,10,94,software
435,435,18,14,7,8,96,financial
436,436,1,6,0,27,194,education
437,437,0,17,7,24,120,pharmaceutical
438,438,3,18,4,0,204,financial
439,439,5,17,8,18,95,pharmaceutical
440,440,17,22,7,20,196,education
441,441,13,12,1,27,139,retail
442,442,0,23,3,3,119,software
443,443,18,18,3,11,56,software
444,444,4,7,4,15,175,education
445,445,4,18,7,13,150,education
446,446,12,5,9,22,103,financial
447,447,13,23,5,12,100,education
448,448,11,11,7,12,113,realestate
449,449,9,26,1,6,90,financial
450,450,12,5,6,24,100,financial
451,451,17,20,1,0,204,realestate
452,452,9,15,0,27,47,financial
453,453,0,5,6,14,121,education
454,454,8,6,1,0,192,retail
455,455,13,29,5,17,143,financial
456,456,8,21,0,0,182,pharmaceutical
457,457,3,14,3,13,207,retail
458,458,11,18,7,26,93,software
459,459,2,5,6,1,215,pharmaceutical
460,460,18,12,9,0,71,pharmaceutical
461,461,3,7,8,2,215,realestate
462,462,10,3,1,17,125,pharmaceutical
463,463,13,14,8,7,137,education
464,464,4,20,1,0,132,pharmaceutical
465,465,4,2,3,7,158,pharmaceutical
466,466,8,24,1,15,156,software
467,467,14,22,8,13,183,pharmaceutical
468,468,1,13,7,22,195,realestate
469,469,15,26,4,6,216,pharmaceutical
470,470,19,15,5,4,83,software
471,471,7,24,9,13,134,pharmaceutical
472,472,7,28,4,23,126,education
473,473,0,15,1,10,123,software
474,474,19,4,6,7,104,pharmaceutical
475,475,2,4,4,20,208,retail
476,476,8,5,6,23,136,realestate
477,477,9,28,7,4,81,financial
478,478,5,27,1,19,119,financial
479,479,17,20,3,29,189,realestate
480,480,13,5,9,7,141,realestate
481,481,1,13,6,1,217,software
482,482,11,10,5,25,96,education
483,483,11,16,7,2,91,software
484,484,6,5,0,16,69,realestate
485,485,11,4,7,2,116,realestate
486,486,11,0,9,29,125,financial
487,487,12,19,1,9,94,pharmaceutical
488,488,1,7,2,6,170,pharmaceutical
489,489,7,24,2,29,145,pharmaceutical
490,490,17,27,5,28,186,education
491,491,15,19,8,15,214,financial
492,492,7,11,8,13,128,retail
493,493,4,8,5,24,150,education
494,494,6,20,0,9,56,software
495,495,13,25,0,7,134,realestate
496,496,16,7,8,25,154,financial
497,497,8,3,2,16,133,education
498,498,2,14,0,29,207,education
499,499,6,23,5,10,53,software
500,500,3,7,7,27,176,financial
501,501,8,4,7,8,125,financial
502,502,10,27,0,19,119,realestate
503,503,16,1,8,21,152,financial
504,504,4,16,6,26,185,pharmaceutical
505,505,15,12,1,22,186,realestate
506,506,1,20,1,26,223,retail
507,507,8,16,2,2,163,realestate
508,508,14,24,9,19,190,software
509,509,2,4,4,2,206,realestate
510,510,5,5,9,18,110,pharmaceutical
511,511,12,21,8,3,81,pharmaceutical
512,512,5,28,9,7,131,education
513,513,19,0,6,18,87,financial
514,514,18,23,5,5,72,pharmaceutical
515,515,7,12,5,29,130,realestate
516,516,9,3,6,22,87,retail
517,517,19,7,4,7,75,realestate
518,518,11,19,0,17,93,retail
519,519,16,7,3,26,161,retail
520,520,9,27,0,10,48,education
521,521,19,3,8,26,83,education
522,522,7,20,9,22,128,retail
523,523,3,5,1,25,195,realestate
524,524,11,3,9,16,136,realestate
525,525,18,27,9,5,77,pharmaceutical
526,526,12,27,0,12,88,pharmaceutical
527,527,6,3,9,23,51,education
528,528,13,23,3,27,110,software
529,529,17,18,0,28,203,software
530,530,3,5,0,18,206,retail
531,531,11,21,9,19,128,financial
532,532,9,16,1,24,100,retail
533,533,8,20,9,29,186,financial
534,534,16,15,7,13,149,education
535,535,7,21,1,2,153,education
536,536,13,5,5,28,92,software
537,537,16,4,3,12,146,financial
538,538,9,24,0,2,101,education
539,539,19,29,1,16,75,pharmaceutical
540,540,3,4,3,18,165,education
541,541,18,0,2,0,55,software
542,542,5,3,8,19,134,software
543,543,12,24,8,0,103,financial
544,544,4,6,5,17,169,pharmaceutical
545,545,19,0,8,15,108,retail
546,546,1,2,7,22,213,financial
547,547,1,8,6,29,171,realestate
548,548,7,4,2,6,143,financial
549,549,4,12,5,26,179,financial
550,550,3,23,1,21,207,realestate
551,551,13,28,8,27,98,retail
552,552,9,19,2,8,101,software
553,553,14,14,8,7,194,retail
554,554,19,24,2,22,111,pharmaceutical
555,555,6,26,2,11,50,realestate
556,556,4,15,0,22,178,financial
557,557,9,15,8,22,85,software
558,558,10,14,7,25,136,education
559,559,1,27,3,20,225,retail
560,560,7,29,3,29,152,financial
561,561,13,15,2,20,145,retail
562,562,2,10,3,28,217,realestate
563,563,16,12,0,10,152,financial
564,564,9,1,0,1,44,realestate
565,565,18,27,1,11,90,financial
566,566,16,12,1,27,162,pharmaceutical
567,567,18,17,7,23,59,pharmaceutical
568,568,13,2,1,28,126,financial
569,569,14,2,8,9,181,software
570,570,5,15,5,21,121,pharmaceutical
571,571,11,17,4,27,123,software
572,572,5,20,5,3,116,realestate
573,573,2,29,5,8,203,financial
574,574,8,6,3,13,113,education
575,575,7,23,7,11,138,education
576,576,14,3,9,18,187,software
577,577,5,4,5,3,124,software
578,578,8,18,0,25,116,software
579,579,18,16,6,12,65,software
580,580,17,2,3,20,198,software
581,581,5,21,1,11,119,pharmaceutical
582,582,7,3,9,22,134,retail
583,583,18,21,2,15,101,financial
584,584,13,26,6,3,130,realestate
585,585,19,18,0,7,95,education
586,586,16,7,3,2,151,education
587,587,16,0,8,0,151,pharmaceutical
588,588,9,7,0,25,97,financial
589,589,3,0,4,12,213,pharmaceutical
590,590,7,11,3,19,125,education
591,591,10,20,6,7,93,retail
592,592,13,9,5,6,133,pharmaceutical
593,593,18,17,1,20,96,financial
594,594,18,11,4,8,64,retail
595,595,5,17,8,25,93,pharmaceutical
596,596,17,28,9,16,187,education
597,597,7,12,3,8,141,financial
598,598,10,12,2,23,132,financial
599,599,19,18,0,29,91,software
600,600,2,11,2,12,199,education
601,601,16,20,1,3,153,realestate
602,602,16,21,8,25,159,retail
603,603,16,16,6,3,161,pharmaceutical
604,604,6,10,2,19,55,education
605,605,5,23,6,28,111,education
606,606,19,0,4,0,118,education
607,607,18,22,7,11,91,software
608,608,10,2,9,14,102,realestate
609,609,1,3,1,25,192,financial
610,610,3,6,2,6,217,realestate
611,611,1,13,5,15,228,education
612,612,18,10,2,7,88,software
613,613,14,24,6,24,186,pharmaceutical
614,614,12,17,0,23,100,education
615,615,12,3,5,22,99,retail
616,616,5,27,6,25,105,realestate
617,617,8,16,3,23,156,pharmaceutical
618,618,1,21,9,10,187,financial
619,619,6,26,0,0,62,education
620,620,19,20,0,27,95,financial
621,621,17,10,4,8,195,realestate
622,622,4,10,0,26,132,financial
623,623,4,11,0,28,170,retail
624,624,8,12,0,18,167,software
625,625,2,6,1,17,210,education
626,626,4,9,2,8,149,realestate
627,627,11,16,0,11,125,education
628,628,7,11,5,26,147,pharmaceutical
629,629,2,4,6,8,205,financial
630,630,3,22,2,22,216,software
631,631,3,4,1,10,180,financial
632,632,17,26,5,4,195,realestate
633,633,0,21,2,19,123,software
634,634,1,3,3,13,185,education
635,635,15,0,0,17,181,software
636,636,1,15,4,0,222,realestate
637,637,8,26,9,1,135,software
638,638,17,20,6,27,204,education
639,639,17,1,8,21,196,financial
640,640,17,2,1,25,195,financial
641,641,3,8,2,23,209,retail
642,642,10,20,7,14,122,software
643,643,18,28,2,10,68,software
644,644,18,24,6,1,100,education
645,645,4,25,4,21,191,realestate
646,646,14,20,3,16,189,realestate
647,647,3,28,9,17,165,education
648,648,12,1,4,0,98,education
649,649,8,27,6,25,125,retail
650,650,0,21,8,7,122,education
651,651,11,15,3,24,119,realestate
652,652,4,0,5,4,185,financial
653,653,10,27,3,20,111,software
654,654,16,7,4,6,161,pharmaceutical
655,655,12,9,1,0,95,financial
656,656,12,11,1,17,91,retail
657,657,7,13,7,14,150,education
658,658,13,12,1,7,123,financial
659,659,17,9,0,4,198,financial
660,660,14,1,6,12,180,financial
661,661,16,27,2,9,162,financial
662,662,14,24,8,1,180,software
663,663,10,21,8,3,89,education
664,664,9,6,6,13,73,financial
665,665,13,2,8,22,120,software
666,666,2,25,3,20,213,software
667,667,15,28,4,9,216,retail
668,668,13,7,6,24,112,realestate
669,669,3,24,2,7,172,pharmaceutical
670,670,2,27,8,15,219,retail
671,671,8,24,9,7,116,retail
672,672,18,10,1,5,68,software
673,673,15,26,1,24,192,pharmaceutical
674,674,9,26,2,22,90,retail
675,675,14,5,8,12,180,financial
676,676,13,3,8,27,140,pharmaceutical
677,677,19,25,7,9,100,pharmaceutical
678,678,19,16,5,11,90,financial
679,679,19,12,4,27,81,retail
680,680,10,18,5,5,128,pharmaceutical
681,681,2,5,9,16,205,software
682,682,19,21,2,21,105,retail
683,683,11,12,2,17,98,education
684,684,6,5,2,12,53,financial
685,685,11,4,9,16,91,financial
686,686,4,3,1,0,160,pharmaceutical
687,687,18,27,9,24,86,retail
688,688,12,7,2,8,94,financial
689,689,11,3,4,1,94,retail
690,690,7,6,1,22,139,retail
691,691,3,6,2,15,193,realestate
692,692,18,20,5,6,95,financial
693,693,0,20,9,2,119,financial
694,694,7,26,5,21,145,pharmaceutical
695,695,12,29,9,18,109,pharmaceutical
696,696,8,12,7,5,164,education
697,697,7,24,4,22,158,pharmaceutical
698,698,17,17,7,14,198,financial
699,699,9,25,0,1,65,realestate
700,700,17,4,5,16,201,financial
701,701,13,18,1,28,93,financial
702,702,15,5,0,17,209,financial
703,703,14,20,8,0,183,education
704,704,2,26,8,21,212,software
705,705,14,5,1,25,198,realestate
706,706,15,2,7,2,207,retail
707,707,12,17,0,2,107,realestate
708,708,15,27,7,24,196,pharmaceutical
709,709,14,2,7,10,194,financial
710,710,18,16,4,27,60,education
711,711,15,23,8,29,194,software
712,712,5,23,6,1,130,retail
713,713,12,5,7,19,103,retail
714,714,19,21,3,13,88,realestate
715,715,14,11,6,2,192,pharmaceutical
716,716,11,17,6,5,106,education
717,717,3,21,1,6,198,software
718,718,14,22,7,20,192,retail
719,719,2,26,2,13,208,realestate
720,720,5,11,2,22,125,financial
721,721,12,0,4,21,78,pharmaceutical
722,722,11,14,0,17,134,software
723,723,6,14,3,26,60,retail
724,724,12,27,7,8,91,software
725,725,19,1,4,8,107,realestate
726,726,7,11,1,6,136,financial
727,727,8,28,4,18,168,software
728,728,7,13,6,6,149,software
729,729,9,18,8,24,76,financial
730,730,7,28,1,4,133,realestate
731,731,7,20,9,2,142,financial
732,732,6,4,0,17,81,financial
733,733,7,4,8,21,159,education
734,734,15,25,5,29,188,financial
735,735,4,6,6,0,163,software
736,736,13,9,0,10,99,software
737,737,2,10,1,0,208,software
738,738,10,3,7,7,150,software
739,739,8,12,0,12,152,retail
740,740,5,13,5,28,100,pharmaceutical
741,741,13,18,0,20,143,pharmaceutical
742,742,12,1,9,24,85,retail
743,743,9,14,3,8,87,retail
744,744,19,4,6,16,88,education
745,745,1,28,0,20,157,pharmaceutical
746,746,13,22,0,13,97,financial
747,747,5,19,5,12,96,realestate
748,748,9,0,3,26,94,education
749,749,19,15,3,9,87,realestate
750,750,1,5,4,12,229,education
751,751,8,23,5,26,192,education
752,752,7,28,5,5,138,pharmaceutical
753,753,17,23,3,3,202,retail
754,754,5,27,2,29,111,realestate
755,755,16,8,4,5,161,realestate
756,756,6,11,0,4,78,education
757,757,12,4,1,13,99,pharmaceutical
758,758,1,10,1,12,189,software
759,759,7,23,2,21,162,retail
760,760,1,14,9,4,187,software
761,761,13,22,0,13,99,financial
762,762,12,8,1,8,94,pharmaceutical
763,763,7,21,4,0,139,financial
764,764,1,13,0,19,211,realestate
765,765,16,18,9,6,154,software
766,766,10,27,6,19,111,realestate
767,767,14,24,9,27,193,software
768,768,3,17,1,6,185,software
769,769,0,28,7,6,119,financial
770,770,1,2,2,12,186,pharmaceutical
771,771,2,29,9,24,199,realestate
772,772,9,7,7,3,94,software
773,773,13,7,8,2,139,realestate
774,774,11,19,7,14,128,retail
775,775,3,13,5,2,192,education
776,776,9,10,7,8,62,realestate
777,777,9,13,4,22,95,education
778,778,15,25,2,10,203,software
779,779,11,5,6,29,93,retail
780,780,15,2,0,11,206,financial
781,781,10,13,3,12,116,education
782,782,18,19,0,27,79,education
783,783,19,29,0,11,119,education
784,784,17,19,0,1,191,financial
785,785,10,14,6,19,110,education
786,786,1,21,4,9,200,realestate
787,787,3,9,4,15,169,software
788,788,18,18,7,20,51,retail
789,789,12,7,9,23,101,financial
790,790,14,11,0,2,179,software
791,791,5,12,3,4,127,financial
792,792,4,26,5,23,193,education
793,793,14,23,7,3,195,pharmaceutical
794,794,8,24,9,16,201,pharmaceutical
795,795,0,17,8,18,119,software
796,796,19,13,4,20,101,financial
797,797,0,28,1,19,121,financial
798,798,1,29,5,14,230,retail
799,799,0,6,9,21,122,software
800,800,11,17,6,9,110,retail
801,801,0,27,9,4,120,realestate
802,802,19,9,4,25,113,education
803,803,11,1,3,15,124,realestate
804,804,9,25,2,12,105,retail
805,805,18,29,0,16,60,financial
806,806,15,17,6,12,207,retail
807,807,9,0,6,20,65,retail
808,808,2,23,0,14,210,pharmaceutical
809,809,12,9,7,18,93,realestate
810,810,2,8,4,12,203,realestate
811,811,9,17,7,24,92,software
812,812,13,1,2,9,122,software
813,813,10,3,0,20,159,financial
814,814,8,2,9,3,196,retail
815,815,8,18,4,25,137,retail
816,816,4,19,3,24,132,pharmaceutical
817,817,6,11,6,16,48,realestate
818,818,3,0,2,1,165,financial
819,819,19,29,2,14,73,realestate
820,820,7,14,0,10,119,financial
821,821,14,11,8,14,192,pharmaceutical
822,822,5,29,1,3,102,software
823,823,18,9,4,0,79,education
824,824,17,14,6,17,198,education
825,825,12,10,0,15,102,pharmaceutical
826,826,3,10,5,1,165,financial
827,827,3,21,4,19,189,education
828,828,11,10,0,20,138,realestate
829,829,9,20,8,23,66,realestate
830,830,7,23,1,1,143,financial
831,831,6,6,5,24,70,realestate
832,832,10,17,5,24,103,realestate
833,833,18,14,4,27,77,financial
834,834,13,5,1,12,146,education
835,835,2,20,5,15,204,software
836,836,8,1,1,22,151,retail
837,837,19,19,7,9,93,education
838,838,14,17,5,10,183,software
839,839,13,14,7,7,125,education
840,840,19,0,1,14,71,financial
841,841,6,24,7,21,51,financial
842,842,9,5,8,4,88,retail
843,843,5,28,2,25,110,retail
844,844,16,3,5,17,155,education
845,845,19,27,2,13,81,retail
846,846,8,0,9,5,149,software
847,847,15,6,8,11,219,software
848,848,4,13,3,19,159,software
849,849,7,7,9,25,148,software
850,850,19,23,1,5,71,financial
851,851,10,23,3,24,109,realestate
852,852,9,15,6,9,82,realestate
853,853,7,10,8,28,156,retail
854,854,3,25,3,6,179,realestate
855,855,13,11,7,27,113,software
856,856,15,24,7,22,217,financial
857,857,7,8,7,6,160,retail
858,858,1,22,4,1,166,pharmaceutical
859,859,15,13,2,29,189,financial
860,860,13,20,9,25,110,retail
861,861,12,1,0,26,85,software
862,862,9,17,3,17,75,realestate
863,863,3,29,3,9,170,education
864,864,7,16,9,25,124,pharmaceutical
865,865,3,5,7,1,175,retail
866,866,3,24,3,5,196,software
867,867,15,3,5,18,181,retail
868,868,18,15,3,19,71,financial
869,869,1,15,0,5,157,software
870,870,19,13,1,13,103,education
871,871,18,23,5,8,70,realestate
872,872,8,10,8,19,138,pharmaceutical
873,873,10,15,4,25,114,education
874,874,14,25,5,17,179,software
875,875,1,3,2,24,194,pharmaceutical
876,876,10,8,5,19,133,education
877,877,6,26,6,21,51,realestate
878,878,1,20,2,17,173,realestate
879,879,8,10,6,18,157,realestate
880,880,12,29,3,23,84,retail
881,881,0,13,0,7,123,pharmaceutical
882,882,16,10,5,25,146,education
883,883,2,20,0,21,201,financial
884,884,12,7,9,12,102,realestate
885,885,15,25,0,0,198,software
886,886,15,1,0,12,216,retail
887,887,12,4,6,8,82,financial
888,888,7,20,1,10,164,financial
889,889,19,4,7,21,108,financial
890,890,2,29,8,23,204,financial
891,891,0,0,4,16,122,education
892,892,5,16,4,19,138,pharmaceutical
893,893,11,3,6,18,132,retail
894,894,14,7,5,19,178,retail
895,895,4,7,0,24,178,realestate
896,896,7,1,9,24,129,retail
897,897,9,25,4,27,60,financial
898,898,17,10,9,4,191,education
899,899,6,27,8,8,82,pharmaceutical
900,900,3,3,0,15,168,software
901,901,15,19,6,24,178,education
902,902,15,20,2,5,195,retail
903,903,15,3,4,20,215,realestate
904,904,16,14,7,25,161,pharmaceutical
905,905,18,29,9,27,83,realestate
906,906,4,26,2,29,159,software
907,907,12,14,7,6,103,realestate
908,908,13,13,3,19,86,software
909,909,15,2,6,12,185,realestate
910,910,11,19,7,20,137,realestate
911,911,10,22,5,1,107,retail
912,912,1,2,9,10,209,realestate
913,913,5,7,4,3,136,realestate
914,914,8,0,2,9,120,pharmaceutical
915,915,2,24,1,9,202,realestate
916,916,16,14,5,25,162,retail
917,917,1,25,3,6,228,education
918,918,13,24,1,24,107,financial
919,919,17,25,4,22,185,education
920,920,13,21,3,9,107,retail
921,921,16,20,0,12,149,pharmaceutical
922,922,13,26,8,7,106,education
923,923,2,9,9,21,219,pharmaceutical
924,924,7,6,2,3,149,financial
925,925,14,6,4,29,197,education
926,926,3,2,8,5,174,pharmaceutical
927,927,5,10,3,26,103,education
928,928,10,23,1,13,92,financial
929,929,17,24,5,8,205,financial
930,930,7,14,0,19,163,financial
931,931,4,15,3,23,153,software
932,932,0,3,3,23,119,pharmaceutical
933,933,2,11,6,6,207,software
934,934,0,7,9,27,123,financial
935,935,17,23,7,19,188,realestate
936,936,17,14,2,26,202,financial
937,937,13,17,9,18,117,education
938,938,19,3,3,20,83,pharmaceutical
939,939,3,2,9,27,217,software
940,940,11,12,5,14,126,pharmaceutical
941,941,17,27,2,19,186,software
942,942,7,17,3,12,130,financial
943,943,19,29,4,6,111,realestate
944,944,3,2,7,22,196,retail
945,945,10,7,5,1,153,education
946,946,5,13,7,24,106,realestate
947,947,3,26,1,26,202,realestate
948,948,6,16,0,22,54,financial
949,949,5,7,9,19,127,software
950,950,14,20,0,1,185,realestate
951,951,9,2,9,26,87,education
952,952,8,3,4,27,167,realestate
953,953,14,29,4,28,199,pharmaceutical
954,954,16,9,4,19,162,education
955,955,18,28,8,2,80,education
956,956,7,17,6,19,162,education
957,957,12,10,6,10,92,pharmaceutical
958,958,3,21,5,7,211,software
959,959,14,23,8,12,182,retail
960,960,19,27,9,26,112,retail
961,961,16,8,5,2,159,financial
962,962,9,26,4,6,102,software
963,963,16,26,3,19,158,retail
964,964,11,5,9,20,102,education
965,965,17,13,2,1,202,financial
966,966,14,15,7,7,198,financial
967,967,3,9,6,28,184,retail
968,968,16,10,5,21,147,pharmaceutical
969,969,3,24,4,22,175,retail
970,970,14,11,4,8,197,software
971,971,5,22,3,20,140,pharmaceutical
972,972,14,18,6,3,195,education
973,973,8,11,1,18,130,pharmaceutical
974,974,8,3,6,16,117,retail
975,975,1,27,7,14,175,retail
976,976,9,20,7,4,99,retail
977,977,18,27,1,15,80,realestate
978,978,5,25,2,27,105,financial
979,979,3,17,4,18,173,education
980,980,12,11,7,0,102,software
981,981,4,26,6,9,180,realestate
982,982,13,25,2,21,112,software
983,983,7,7,0,1,144,financial
984,984,13,5,0,24,125,software
985,985,9,14,1,20,104,realestate
986,986,5,28,4,29,130,software
987,987,14,8,2,17,183,education
988,988,6,19,4,2,61,pharmaceutical
989,989,2,17,8,22,200,realestate
990,990,6,20,8,22,79,realestate
991,991,6,6,7,11,75,retail
992,992,19,0,6,1,116,realestate
993,993,4,18,3,10,157,retail
994,994,15,29,7,22,208,software
995,995,2,2,9,23,206,financial
996,996,18,3,1,15,87,education
997,997,5,22,5,8,100,realestate
998,998,19,20,8,22,81,retail
999,999,11,15,1,6,101,retail
1000,1000,12,26,3,21,91,retail
1001,1001,4,5,4,27,173,software
1002,1002,2,18,9,13,214,financial
1003,1003,18,10,4,16,98,education
1004,1004,1,25,3,23,167,pharmaceutical
1005,1005,17,24,3,17,184,retail
1006,1006,10,8,7,13,137,realestate
1007,1007,1,4,8,26,217,retail
1008,1008,8,4,7,2,166,education
1009,1009,3,18,1,6,216,pharmaceutical
1010,1010,2,23,9,12,203,realestate
1011,1011,4,11,5,22,168,retail
1012,1012,8,15,2,6,183,pharmaceutical
1013,1013,10,24,9,0,146,pharmaceutical
1014,1014,10,21,2,26,135,education
1015,1015,9,23,1,21,71,realestate
1016,1016,12,19,6,21,83,financial
1017,1017,9,4,9,18,43,retail
1018,1018,14,26,9,1,180,financial
1019,1019,13,10,3,0,115,software
1020,1020,14,22,5,5,183,financial
1021,1021,16,25,2,2,157,financial
1022,1022,9,21,2,27,99,education
1023,1023,19,25,4,6,84,software
1024,1024,10,27,0,14,104,financial
1025,1025,15,22,8,29,200,financial
1026,1026,5,9,1,20,110,software
1027,1027,19,29,2,13,88,pharmaceutical
1028,1028,8,21,8,26,153,financial
1029,1029,1,12,1,2,212,retail
1030,1030,2,6,3,1,215,software
1031,1031,15,26,9,6,201,software
1032,1032,7,14,8,18,151,realestate
1033,1033,9,14,3,0,95,realestate
1034,1034,8,14,2,25,162,realestate
1035,1035,6,17,3,8,66,retail
1036,1036,5,20,2,24,133,pharmaceutical
1037,1037,4,15,7,29,136,pharmaceutical
1038,1038,18,6,6,4,88,financial
1039,1039,14,6,5,1,185,education
1040,1040,3,9,2,10,200,software
1041,1041,0,15,0,11,122,financial
1042,1042,9,25,4,6,54,software
1043,1043,14,17,0,24,178,pharmaceutical
1044,1044,9,17,4,19,71,realestate
1045,1045,2,22,2,27,200,education
1046,1046,14,20,8,27,188,pharmaceutical
1047,1047,9,24,7,9,92,realestate
1048,1048,4,22,4,10,152,retail
1049,1049,18,28,2,23,74,education
1050,1050,1,17,9,9,210,financial
1051,1051,12,8,8,5,100,retail
1052,1052,9,1,6,16,79,financial
1053,1053,13,20,6,20,134,pharmaceutical
1054,1054,3,22,0,21,209,software
1055,1055,7,12,1,5,156,financial
1056,1056,0,3,2,10,123,software
1057,1057,11,9,6,3,111,financial
1058,1058,18,10,6,28,70,financial
1059,1059,14,28,5,15,183,retail
1060,1060,5,8,0,21,99,financial
1061,1061,14,14,6,15,185,education
1062,1062,0,21,5,9,119,pharmaceutical
1063,1063,4,12,4,21,175,software
1064,1064,13,7,2,0,141,education
1065,1065,8,8,9,23,147,education
1066,1066,14,13,0,18,179,financial
1067,1067,6,24,7,15,56,pharmaceutical
1068,1068,8,27,6,28,177,realestate
1069,1069,4,2,0,6,173,financial
1070,1070,8,3,6,24,141,education
1071,1071,18,17,0,4,77,education
1072,1072,19,15,2,16,75,realestate
1073,1073,9,2,8,11,88,retail
1074,1074,14,8,4,18,180,pharmaceutical
1075,1075,11,20,4,12,132,education
1076,1076,11,20,8,29,122,software
1077,1077,17,28,6,18,202,retail
1078,1078,17,6,7,26,187,pharmaceutical
1079,1079,4,28,6,25,174,education
1080,1080,2,18,7,5,211,software
1081,1081,4,25,4,9,145,retail
1082,1082,15,22,0,15,212,realestate
1083,1083,1,21,9,28,200,software
1084,1084,14,12,8,2,186,realestate
1085,1085,17,5,3,27,204,retail
1086,1086,1,3,1,20,226,realestate
1087,1087,10,8,8,3,103,education
1088,1088,16,21,3,26,146,retail
1089,1089,2,1,1,3,217,education
1090,1090,12,3,1,23,91,education
1091,1091,11,10,1,23,112,realestate
1092,1092,9,14,4,26,98,software
1093,1093,12,13,9,13,105,realestate
1094,1094,19,17,2,7,101,realestate
1095,1095,2,21,7,4,205,education
1096,1096,16,10,8,18,146,pharmaceutical
1097,1097,18,8,8,24,72,retail
1098,1098,5,27,7,0,133,retail
1099,1099,8,29,9,19,156,realestate
1100,1100,16,17,1,8,154,retail
1101,1101,14,4,8,16,181,retail
1102,1102,14,8,6,22,198,realestate
1103,1103,7,20,9,13,127,software
1104,1104,4,15,7,10,143,realestate
1105,1105,14,9,0,7,199,realestate
1106,1106,9,7,1,2,67,pharmaceutical
1107,1107,5,28,5,13,99,software
1108,1108,10,0,5,8,96,retail
1109,1109,2,28,1,25,199,pharmaceutical
1110,1110,17,18,4,26,184,retail
1111,1111,18,23,2,9,98,retail
1112,1112,2,8,9,3,217,financial
1113,1113,7,7,5,19,155,education
1114,1114,16,5,0,26,148,pharmaceutical
1115,1115,7,26,1,2,122,financial
1116,1116,17,16,8,8,191,realestate
1117,1117,13,26,5,0,113,software
1118,1118,18,8,2,13,51,retail
1119,1119,14,10,3,9,185,pharmaceutical
1120,1120,2,3,4,23,210,pharmaceutical
1121,1121,2,6,0,2,208,financial
1122,1122,13,25,6,13,136,realestate
1123,1123,11,10,1,27,110,financial
1124,1124,8,22,4,5,137,pharmaceutical
1125,1125,6,14,0,26,49,pharmaceutical
1126,1126,3,16,5,12,170,education
1127,1127,1,5,4,8,222,education
1128,1128,14,10,3,8,186,software
1129,1129,11,7,9,15,99,software
1130,1130,13,29,2,29,127,financial
1131,1131,11,19,8,17,137,pharmaceutical
1132,1132,7,15,3,15,146,retail
1133,1133,5,16,1,29,137,pharmaceutical
1134,1134,11,4,9,7,130,education
1135,1135,2,0,2,3,218,realestate
1136,1136,10,9,3,12,155,realestate
1137,1137,4,6,3,11,165,realestate
1138,1138,6,6,5,7,52,financial
1139,1139,15,2,6,12,198,pharmaceutical
1140,1140,3,24,5,21,168,financial
1141,1141,10,7,3,26,95,realestate
1142,1142,8,5,8,27,187,realestate
1143,1143,6,25,5,15,60,pharmaceutical
1144,1144,19,29,3,29,98,pharmaceutical
1145,1145,11,7,7,12,93,pharmaceutical
1146,1146,12,14,7,18,80,realestate
1147,1147,10,8,2,15,151,realestate
1148,1148,19,22,2,10,87,realestate
1149,1149,0,23,0,7,122,retail
1150,1150,2,22,1,17,199,education
1151,1151,5,17,8,25,130,retail
1152,1152,0,3,8,14,123,realestate
1153,1153,9,19,4,6,93,software
1154,1154,3,20,4,27,198,financial
1155,1155,12,19,8,8,96,education
1156,1156,3,18,4,20,212,realestate
1157,1157,16,21,2,8,161,software
1158,1158,3,13,9,27,182,pharmaceutical
1159,1159,12,5,5,7,93,retail
1160,1160,19,6,9,14,97,realestate
1161,1161,3,14,3,10,176,financial
1162,1162,14,12,5,10,181,retail
1163,1163,16,11,6,11,157,education
1164,1164,15,15,5,19,180,financial
1165,1165,10,25,1,14,120,realestate
1166,1166,12,13,8,10,109,financial
1167,1167,3,5,5,6,195,retail
1168,1168,8,18,5,2,187,pharmaceutical
1169,1169,5,20,1,9,127,pharmaceutical
1170,1170,5,21,1,3,129,pharmaceutical
1171,1171,5,15,3,11,97,realestate
1172,1172,16,22,5,25,162,retail
1173,1173,0,7,7,3,120,software
1174,1174,10,29,5,26,122,retail
1175,1175,10,5,5,5,98,software
1176,1176,2,22,5,15,204,realestate
1177,1177,13,16,3,27,121,financial
1178,1178,19,22,4,20,104,retail
1179,1179,3,13,1,13,210,retail
1180,1180,2,24,9,20,201,retail
1181,1181,15,23,4,6,207,retail
1182,1182,14,12,8,25,195,software
1183,1183,0,17,9,14,122,retail
1184,1184,4,4,5,28,144,pharmaceutical
1185,1185,5,22,5,2,121,retail
1186,1186,4,16,3,5,191,pharmaceutical
1187,1187,8,25,7,22,129,education
1188,1188,0,3,0,24,122,realestate
1189,1189,7,5,5,26,132,retail
1190,1190,19,28,5,0,82,retail
1191,1191,17,10,0,20,190,retail
1192,1192,13,13,7,23,94,financial
1193,1193,2,7,6,11,208,education
1194,1194,16,24,0,21,157,software
1195,1195,17,22,4,25,184,education
1196,1196,7,28,6,14,150,retail
1197,1197,0,28,7,24,121,retail
1198,1198,11,4,3,18,113,education
1199,1199,17,3,8,26,183,education
1200,1200,11,29,5,12,98,realestate
1201,1201,6,22,4,14,38,software
1202,1202,9,4,5,2,103,retail
1203,1203,4,3,5,29,161,education
1204,1204,15,18,8,12,190,education
1205,1205,17,9,8,3,185,education
1206,1206,14,6,4,29,181,pharmaceutical
1207,1207,16,26,4,8,150,education
1208,1208,11,22,6,15,94,financial
1209,1209,15,23,5,3,211,realestate
1210,1210,13,8,0,16,123,realestate
1211,1211,13,17,5,16,110,realestate
1212,1212,4,18,4,13,167,education
1213,1213,18,17,6,28,77,education
1214,1214,5,4,0,1,107,realestate
1215,1215,7,9,3,16,125,software
1216,1216,6,6,8,9,77,retail
1217,1217,0,6,2,3,122,realestate
1218,1218,17,2,1,20,187,pharmaceutical
1219,1219,7,7,6,1,133,retail
1220,1220,17,1,2,5,197,financial
1221,1221,3,16,3,10,199,realestate
1222,1222,4,0,6,9,168,realestate
1223,1223,14,27,9,20,197,financial
1224,1224,5,19,7,14,133,retail
1225,1225,17,15,8,13,185,retail
1226,1226,19,8,6,29,90,education
1227,1227,5,8,4,27,98,financial
1228,1228,0,13,6,6,122,pharmaceutical
1229,1229,0,21,0,22,119,retail
1230,1230,8,4,2,15,118,education
1231,1231,14,22,2,3,181,financial
1232,1232,10,11,3,24,135,education
1233,1233,15,0,7,2,180,realestate
1234,1234,0,4,3,13,123,pharmaceutical
1235,1235,3,7,1,0,187,financial
1236,1236,19,29,1,28,109,retail
1237,1237,8,24,0,11,152,realestate
1238,1238,12,12,6,27,96,pharmaceutical
1239,1239,13,27,2,2,126,realestate
1240,1240,1,8,7,27,214,pharmaceutical
1241,1241,18,11,6,22,70,pharmaceutical
1242,1242,6,14,1,18,62,retail
1243,1243,16,4,5,20,153,realestate
1244,1244,7,16,0,4,167,pharmaceutical
1245,1245,8,17,1,24,182,education
1246,1246,8,18,8,28,166,financial
1247,1247,2,6,5,26,204,retail
1248,1248,8,9,7,23,126,retail
1249,1249,5,21,2,18,101,education
1250,1250,10,10,9,8,124,retail
1251,1251,19,19,8,27,82,financial
1252,1252,17,7,3,28,197,software
1253,1253,19,27,3,9,107,financial
1254,1254,13,26,4,27,127,realestate
1255,1255,19,26,6,27,115,software
1256,1256,2,7,5,7,203,education
1257,1257,10,7,2,27,100,software
1258,1258,18,11,9,4,58,pharmaceutical
1259,1259,4,5,1,0,135,software
1260,1260,4,6,4,21,172,retail
1261,1261,9,11,2,12,58,financial
1262,1262,1,17,4,23,182,financial
1263,1263,0,28,0,3,121,financial
1264,1264,15,13,1,14,196,education
1265,1265,16,6,3,5,151,financial
1266,1266,4,14,2,16,189,pharmaceutical
1267,1267,6,22,6,23,41,realestate
1268,1268,4,21,5,2,155,retail
1269,1269,10,10,3,15,121,pharmaceutical
1270,1270,9,5,5,1,59,realestate
1271,1271,12,10,1,16,110,retail
1272,1272,1,11,7,4,159,software
1273,1273,19,2,1,15,86,software
1274,1274,13,14,7,21,146,retail
1275,1275,8,3,0,8,184,retail
1276,1276,1,6,0,7,160,education
1277,1277,6,8,9,5,48,education
1278,1278,2,6,3,24,210,realestate
1279,1279,1,16,3,20,234,pharmaceutical
1280,1280,16,23,0,15,149,realestate
1281,1281,15,12,7,9,200,education
1282,1282,19,1,3,3,87,software
1283,1283,14,28,1,8,191,pharmaceutical
1284,1284,4,2,7,0,188,financial
1285,1285,3,13,4,5,184,software
1286,1286,10,8,3,14,109,software
1287,1287,14,18,9,28,187,retail
1288,1288,6,16,8,22,49,education
1289,1289,18,4,7,13,63,pharmaceutical
1290,1290,19,20,7,5,91,software
1291,1291,15,1,7,24,200,financial
1292,1292,0,1,9,7,122,financial
1293,1293,12,12,7,19,93,pharmaceutical
1294,1294,13,25,4,17,108,realestate
1295,1295,11,24,6,1,120,financial
1296,1296,3,24,7,22,195,realestate
1297,1297,13,3,6,11,124,financial
1298,1298,7,22,2,20,166,financial
1299,1299,2,24,1,10,212,retail
1300,1300,6,17,5,7,64,financial
1301,1301,14,21,4,13,199,retail
1302,1302,4,29,0,4,151,realestate
1303,1303,7,19,5,19,145,retail
1304,1304,19,16,0,9,71,software
1305,1305,4,11,2,23,149,financial
1306,1306,4,17,0,11,189,education
1307,1307,2,22,5,10,215,retail
1308,1308,9,26,1,6,97,education
1309,1309,11,18,7,24,108,software
1310,1310,7,2,4,4,155,financial
1311,1311,7,3,4,6,122,financial
1312,1312,18,1,1,16,77,financial
1313,1313,4,6,1,11,186,education
1314,1314,16,17,7,29,158,realestate
1315,1315,19,17,2,15,84,software
1316,1316,2,0,7,21,206,education
1317,1317,13,6,4,16,107,software
1318,1318,0,13,2,26,122,software
1319,1319,9,2,3,27,48,realestate
1320,1320,14,3,0,20,183,software
1321,1321,14,27,8,0,182,software
1322,1322,0,17,2,0,123,software
1323,1323,4,19,5,14,153,realestate
1324,1324,17,21,6,3,202,education
1325,1325,16,24,6,8,154,education
1326,1326,5,3,9,27,140,retail
1327,1327,17,2,7,21,196,software
1328,1328,17,27,9,19,197,pharmaceutical
1329,1329,7,3,2,3,136,software
1330,1330,19,18,3,15,119,financial
1331,1331,18,18,5,2,51,software
1332,1332,9,19,9,18,77,education
1333,1333,13,28,1,1,107,retail
1334,1334,10,17,6,15,129,retail
1335,1335,16,22,7,29,151,financial
1336,1336,10,16,1,6,145,financial
1337,1337,6,15,9,16,41,realestate
1338,1338,5,21,8,21,120,financial
1339,1339,9,19,9,16,69,software
1340,1340,0,22,5,4,121,financial
1341,1341,15,14,5,8,208,education
1342,1342,8,24,3,17,152,financial
1343,1343,9,22,6,25,93,pharmaceutical
1344,1344,8,23,8,12,114,education
1345,1345,15,29,3,9,211,financial
1346,1346,1,10,1,22,170,education
1347,1347,7,22,5,22,139,financial
1348,1348,16,15,2,0,161,retail
1349,1349,18,19,5,11,57,realestate
1350,1350,6,27,2,14,63,pharmaceutical
1351,1351,1,22,4,4,167,realestate
1352,1352,18,14,9,1,93,realestate
1353,1353,16,18,7,8,152,financial
1354,1354,3,26,8,29,213,financial
1355,1355,10,19,1,23,132,software
1356,1356,18,13,8,26,71,pharmaceutical
1357,1357,2,24,9,15,211,education
1358,1358,3,10,2,2,201,retail
1359,1359,1,21,5,26,224,education
1360,1360,3,22,9,27,213,pharmaceutical
1361,1361,16,7,6,28,150,retail
1362,1362,17,6,0,23,200,retail
1363,1363,14,1,3,20,190,retail
1364,1364,14,15,2,25,182,pharmaceutical
1365,1365,3,9,6,27,188,financial
1366,1366,2,12,3,27,204,software
1367,1367,12,7,4,11,79,realestate
1368,1368,11,2,2,7,91,retail
1369,1369,6,3,1,26,70,realestate
1370,1370,14,11,8,10,191,retail
1371,1371,9,25,3,26,64,education
1372,1372,12,7,9,16,81,education
1373,1373,16,22,9,22,162,software
1374,1374,16,11,1,12,149,pharmaceutical
1375,1375,19,0,2,11,98,education
1376,1376,19,15,2,27,94,pharmaceutical
1377,1377,8,2,2,23,129,retail
1378,1378,6,27,3,18,49,education
1379,1379,16,29,3,29,152,software
1380,1380,0,23,0,15,121,education
1381,1381,4,9,4,9,183,financial
1382,1382,17,26,0,26,186,pharmaceutical
1383,1383,10,12,9,11,146,financial
1384,1384,9,8,3,23,89,financial
1385,1385,2,14,4,2,206,financial
1386,1386,18,5,0,4,53,retail
1387,1387,10,21,6,26,123,retail
1388,1388,15,17,8,8,181,education
1389,1389,14,20,6,6,183,pharmaceutical
1390,1390,11,24,1,5,119,financial
1391,1391,14,13,2,23,197,realestate
1392,1392,6,24,8,14,43,realestate
1393,1393,5,6,7,15,97,education
1394,1394,6,19,7,20,46,software
1395,1395,10,26,4,22,152,financial
1396,1396,7,29,9,18,133,realestate
1397,1397,3,22,0,10,205,software
1398,1398,16,2,2,7,153,pharmaceutical
1399,1399,3,4,0,15,171,realestate
1400,1400,5,3,9,23,109,realestate
1401,1401,2,8,7,8,205,education
1402,1402,13,27,4,18,120,software
1403,1403,19,19,6,8,83,realestate
1404,1404,3,16,2,5,209,software
1405,1405,19,11,0,10,75,software
1406,1406,12,11,4,18,90,retail
1407,1407,0,24,6,1,121,retail
1408,1408,18,22,7,24,60,pharmaceutical
1409,1409,11,20,0,26,103,retail
1410,1410,14,13,2,13,182,financial
1411,1411,16,28,8,14,152,pharmaceutical
1412,1412,12,26,4,10,97,retail
1413,1413,19,16,7,17,103,financial
1414,1414,8,4,7,25,114,retail
1415,1415,8,0,6,12,136,realestate
1416,1416,4,17,2,11,189,software
1417,1417,18,14,0,23,63,education
1418,1418,14,28,9,28,190,education
1419,1419,10,10,8,6,154,retail
1420,1420,8,29,8,21,149,pharmaceutical
1421,1421,11,27,8,24,127,realestate
1422,1422,15,16,9,12,210,realestate
1423,1423,1,22,9,0,214,realestate
1424,1424,1,27,8,19,171,financial
1425,1425,2,28,8,6,203,software
1426,1426,16,10,2,18,153,realestate
1427,1427,11,25,5,22,114,realestate
1428,1428,18,1,7,14,83,realestate
1429,1429,17,9,6,4,185,realestate
1430,1430,17,3,0,14,201,education
1431,1431,12,15,4,24,89,retail
1432,1432,10,9,2,1,128,retail
1433,1433,0,5,7,10,121,pharmaceutical
1434,1434,19,3,4,23,119,realestate
1435,1435,10,10,2,16,121,retail
1436,1436,15,13,2,9,214,education
1437,1437,19,20,6,12,95,software
1438,1438,11,3,1,21,119,retail
1439,1439,6,11,1,21,44,retail
1440,1440,11,19,9,7,139,education
1441,1441,3,0,1,15,215,retail
1442,1442,3,18,5,25,180,education
1443,1443,15,1,8,3,218,pharmaceutical
1444,1444,11,16,1,7,123,pharmaceutical
1445,1445,10,10,3,10,150,realestate
1446,1446,16,13,7,16,153,retail
1447,1447,18,6,5,22,54,education
1448,1448,3,4,4,28,209,pharmaceutical
1449,1449,10,7,0,11,126,pharmaceutical
1450,1450,19,26,5,1,86,education
1451,1451,1,9,0,11,228,software
1452,1452,17,9,5,9,199,education
1453,1453,13,16,6,29,101,realestate
1454,1454,10,26,4,28,93,financial
1455,1455,2,21,0,28,219,education
1456,1456,17,4,1,29,186,software
1457,1457,8,12,1,24,190,financial
1458,1458,4,25,7,24,148,realestate
1459,1459,4,29,2,17,194,education
1460,1460,18,13,1,4,88,pharmaceutical
1461,1461,10,12,0,1,90,realestate
1462,1462,16,3,3,21,156,pharmaceutical
1463,1463,13,25,6,28,89,software
1464,1464,11,3,6,15,141,financial
1465,1465,6,4,4,0,70,financial
1466,1466,8,18,9,5,181,education
1467,1467,10,13,4,3,103,retail
1468,1468,2,29,3,22,214,realestate
1469,1469,13,17,6,13,88,realestate
1470,1470,17,16,3,0,199,pharmaceutical
1471,1471,11,22,3,16,117,software
1472,1472,19,23,4,20,105,software
1473,1473,14,3,0,14,191,pharmaceutical
1474,1474,7,8,0,20,125,education
1475,1475,7,7,2,13,161,financial
1476,1476,13,17,4,2,106,retail
1477,1477,14,23,3,7,186,education
1478,1478,0,9,8,6,122,retail
1479,1479,6,29,1,9,56,realestate
1480,1480,13,14,9,10,145,pharmaceutical
1481,1481,0,20,6,15,123,education
1482,1482,13,15,0,0,107,financial
1483,1483,15,29,9,28,178,financial
1484,1484,15,2,0,26,219,realestate
1485,1485,1,0,2,27,221,retail
1486,1486,17,2,7,3,191,pharmaceutical
1487,1487,8,0,4,29,141,retail
1488,1488,2,3,2,12,213,education
1489,1489,5,15,8,16,125,realestate
1490,1490,1,10,9,28,204,software
1491,1491,9,3,8,4,84,education
1492,1492,3,15,5,6,190,software
1493,1493,14,13,8,0,186,pharmaceutical
1494,1494,18,16,0,0,68,financial
1495,1495,16,0,7,3,159,software
1496,1496,7,11,3,15,129,financial
1497,1497,10,16,5,0,112,pharmaceutical
1498,1498,16,10,9,4,161,software
1499,1499,15,24,6,21,210,retail
1500,1500,15,17,6,25,212,financial
1501,1501,8,14,1,15,176,pharmaceutical
1502,1502,19,16,0,25,116,financial
1503,1503,0,2,2,15,120,education
1504,1504,18,27,1,2,54,financial
1505,1505,11,3,2,8,134,education
1506,1506,11,6,3,16,130,retail
1507,1507,6,11,5,29,77,realestate
1508,1508,10,19,2,7,113,pharmaceutical
1509,1509,11,21,4,11,138,realestate
1510,1510,0,17,5,2,119,software
1511,1511,6,28,6,0,76,software
1512,1512,7,26,0,3,121,pharmaceutical
1513,1513,18,10,5,28,72,software
1514,1514,0,20,0,13,119,realestate
1515,1515,12,29,8,11,98,software
1516,1516,8,12,2,18,179,education
1517,1517,7,14,6,0,157,software
1518,1518,14,28,3,16,186,financial
1519,1519,5,15,1,15,121,software
1520,1520,15,1,9,10,179,pharmaceutical
1521,1521,11,0,0,22,122,financial
1522,1522,13,14,8,13,127,pharmaceutical
1523,1523,18,11,7,17,75,education
1524,1524,5,20,2,0,121,realestate
1525,1525,16,15,5,3,150,pharmaceutical
1526,1526,6,16,8,10,41,realestate
1527,1527,2,20,9,16,218,pharmaceutical
1528,1528,0,28,6,1,121,realestate
1529,1529,18,26,6,29,78,retail
1530,1530,7,20,3,22,126,education
1531,1531,6,15,1,6,68,realestate
1532,1532,2,5,5,11,206,realestate
1533,1533,14,0,5,19,196,pharmaceutical
1534,1534,0,26,3,5,123,education
1535,1535,5,23,6,4,99,financial
1536,1536,15,22,8,22,186,pharmaceutical
1537,1537,18,25,3,4,86,education
1538,1538,8,12,6,10,139,realestate
1539,1539,3,24,6,29,179,realestate
1540,1540,10,20,4,17,96,pharmaceutical
1541,1541,15,19,5,7,216,education
1542,1542,5,10,2,3,135,retail
1543,1543,11,15,1,18,100,retail
1544,1544,16,3,9,0,150,retail
1545,1545,14,9,1,15,193,retail
1546,1546,16,15,5,27,157,pharmaceutical
1547,1547,13,21,4,24,123,financial
1548,1548,2,0,2,22,216,realestate
1549,1549,18,24,7,4,85,education
1550,1550,13,12,8,0,127,retail
1551,1551,19,4,9,27,110,financial
1552,1552,17,28,9,11,204,software
1553,1553,12,24,0,19,94,education
1554,1554,7,16,8,19,167,retail
1555,1555,0,16,0,17,120,realestate
1556,1556,5,18,7,2,117,pharmaceutical
1557,1557,4,8,9,19,185,software
1558,1558,0,14,7,19,122,education
1559,1559,10,2,3,15,155,realestate
1560,1560,7,16,0,24,152,retail
1561,1561,4,3,1,0,148,realestate
1562,1562,17,3,7,27,204,realestate
1563,1563,6,21,1,16,66,education
1564,1564,4,28,5,11,137,financial
1565,1565,11,1,0,5,104,financial
1566,1566,9,3,3,15,60,pharmaceutical
1567,1567,17,1,1,16,202,software
1568,1568,11,1,0,12,112,pharmaceutical
1569,1569,7,15,2,8,161,financial
1570,1570,8,2,5,2,134,software
1571,1571,11,26,2,4,133,software
1572,1572,14,25,7,19,198,pharmaceutical
1573,1573,5,13,1,22,107,financial
1574,1574,6,5,3,9,69,software
1575,1575,8,11,3,28,138,realestate
1576,1576,13,13,8,5,133,pharmaceutical
1577,1577,14,26,4,15,194,financial
1578,1578,1,22,0,2,224,software
1579,1579,5,10,4,9,115,education
1580,1580,16,24,2,13,158,retail
1581,1581,19,1,1,18,103,education
1582,1582,5,2,6,4,103,education
1583,1583,3,27,4,22,170,retail
1584,1584,12,29,1,26,102,pharmaceutical
1585,1585,14,0,7,28,189,realestate
1586,1586,2,20,6,26,209,retail
1587,1587,2,29,3,28,214,realestate
1588,1588,9,20,3,6,82,retail
1589,1589,4,14,2,10,183,pharmaceutical
1590,1590,9,4,0,4,73,pharmaceutical
1591,1591,14,28,7,4,189,software
1592,1592,12,4,0,9,110,software
1593,1593,7,24,5,8,165,software
1594,1594,13,21,1,17,134,realestate
1595,1595,15,10,1,13,210,retail
1596,1596,19,24,7,17,104,software
1597,1597,12,15,4,25,108,retail
1598,1598,13,19,1,2,124,pharmaceutical
1599,1599,17,9,1,0,195,software
1600,1600,1,17,8,14,164,financial
1601,1601,18,9,2,19,95,retail
1602,1602,16,11,1,29,151,pharmaceutical
1603,1603,16,4,8,27,149,retail
1604,1604,16,0,3,9,153,education
1605,1605,19,7,7,8,89,education
1606,1606,19,4,6,14,89,retail
1607,1607,18,19,4,1,88,education
1608,1608,18,20,9,5,102,pharmaceutical
1609,1609,0,10,2,12,123,education
1610,1610,14,20,0,15,184,pharmaceutical
1611,1611,13,9,7,7,93,realestate
1612,1612,18,13,9,13,95,pharmaceutical
1613,1613,13,9,7,2,88,retail
1614,1614,6,18,9,21,57,software
1615,1615,16,27,8,8,153,financial
1616,1616,16,28,3,2,148,education
1617,1617,15,14,9,1,195,pharmaceutical
1618,1618,0,6,8,0,123,software
1619,1619,12,7,9,1,89,software
1620,1620,3,4,9,20,167,realestate
1621,1621,17,15,1,14,184,software
1622,1622,17,3,2,23,197,software
1623,1623,16,10,5,10,151,financial
1624,1624,14,29,7,4,189,pharmaceutical
1625,1625,6,21,5,23,70,education
1626,1626,13,26,1,18,95,financial
1627,1627,17,28,5,2,189,education
1628,1628,13,5,2,27,86,financial
1629,1629,4,28,0,23,160,software
1630,1630,16,24,3,12,154,education
1631,1631,14,19,2,9,179,realestate
1632,1632,15,25,1,19,211,realestate
1633,1633,7,3,9,18,122,financial
1634,1634,4,18,8,27,195,financial
1635,1635,0,13,3,20,121,pharmaceutical
1636,1636,18,8,1,1,61,realestate
1637,1637,1,3,8,7,236,software
1638,1638,13,7,6,0,137,financial
1639,1639,2,24,2,23,206,pharmaceutical
1640,1640,19,17,1,11,104,education
1641,1641,6,0,9,14,52,retail
1642,1642,17,23,2,22,187,realestate
1643,1643,11,2,4,18,141,realestate
1644,1644,0,3,8,8,122,education
1645,1645,9,10,0,12,66,financial
1646,1646,5,4,7,0,114,financial
1647,1647,8,5,7,5,191,education
1648,1648,0,4,5,11,120,software
1649,1649,17,9,2,3,197,realestate
1650,1650,11,24,4,16,115,software
1651,1651,15,8,5,0,180,financial
1652,1652,18,16,2,3,77,financial
1653,1653,1,13,3,4,170,financial
1654,1654,18,10,4,21,93,education
1655,1655,13,21,5,20,129,realestate
1656,1656,5,28,1,1,116,pharmaceutical
1657,1657,11,21,1,4,102,pharmaceutical
1658,1658,11,22,5,9,121,pharmaceutical
1659,1659,13,23,4,7,134,education
1660,1660,9,7,0,19,96,retail
1661,1661,4,12,0,5,149,retail
1662,1662,3,19,0,12,215,financial
1663,1663,9,12,0,14,91,pharmaceutical
1664,1664,3,9,0,29,203,education
1665,1665,6,13,4,17,57,pharmaceutical
1666,1666,15,9,2,13,205,pharmaceutical
1667,1667,19,0,7,4,100,software
1668,1668,15,7,6,9,192,retail
1669,1669,4,0,7,5,151,education
1670,1670,0,28,8,9,123,financial
1671,1671,14,6,1,7,191,retail
1672,1672,15,16,2,9,220,education
1673,1673,7,27,9,6,152,retail
1674,1674,12,12,6,19,89,education
1675,1675,9,9,8,26,43,realestate
1676,1676,15,24,0,15,211,education
1677,1677,10,14,2,3,105,pharmaceutical
1678,1678,1,24,3,18,177,realestate
1679,1679,13,7,9,11,143,pharmaceutical
1680,1680,0,16,0,11,120,financial
1681,1681,14,9,5,1,198,software
1682,1682,1,7,9,10,216,realestate
1683,1683,14,12,0,20,188,pharmaceutical
1684,1684,2,25,8,24,203,software
1685,1685,8,29,6,21,168,education
1686,1686,18,29,7,26,72,pharmaceutical
1687,1687,17,11,3,10,190,retail
1688,1688,11,27,1,13,137,financial
1689,1689,13,29,8,14,121,education
1690,1690,1,26,2,5,217,financial
1691,1691,14,10,0,24,182,pharmaceutical
1692,1692,3,11,6,26,204,education
1693,1693,0,11,6,9,122,financial
1694,1694,18,28,1,3,70,realestate
1695,1695,5,24,9,23,115,pharmaceutical
1696,1696,9,16,3,25,92,software
1697,1697,15,16,7,3,200,education
1698,1698,19,22,0,5,79,software
1699,1699,19,19,2,10,115,software
1700,1700,15,6,1,1,215,pharmaceutical
1701,1701,4,10,8,26,191,retail
1702,1702,14,16,7,2,194,software
1703,1703,18,27,7,12,77,financial
1704,1704,11,3,4,29,133,software
1705,1705,3,13,7,7,177,financial
1706,1706,5,25,4,22,128,realestate
1707,1707,15,21,3,7,184,financial
1708,1708,5,10,6,9,112,education
1709,1709,13,17,9,1,113,realestate
1710,1710,14,11,6,18,180,education
1711,1711,0,1,1,7,123,realestate
1712,1712,18,21,6,15,83,realestate
1713,1713,16,10,6,26,148,realestate
1714,1714,8,22,1,9,161,pharmaceutical
1715,1715,13,8,0,8,129,retail
1716,1716,15,7,6,10,217,realestate
1717,1717,13,5,0,2,105,pharmaceutical
1718,1718,13,3,3,10,96,pharmaceutical
1719,1719,0,6,7,26,119,financial
1720,1720,10,14,3,20,103,retail
1721,1721,3,14,1,11,169,financial
1722,1722,9,17,5,24,100,realestate
1723,1723,1,8,2,15,164,education
1724,1724,19,3,6,17,106,software
1725,1725,3,15,0,1,205,financial
1726,1726,19,16,6,16,71,software
1727,1727,0,13,0,27,122,education
1728,1728,6,10,9,13,41,realestate
1729,1729,7,18,2,21,133,pharmaceutical
1730,1730,15,26,2,26,213,pharmaceutical
1731,1731,2,18,9,14,208,realestate
1732,1732,11,29,9,9,102,realestate
1733,1733,8,16,8,6,185,education
1734,1734,6,8,5,20,51,education
1735,1735,4,25,0,19,160,pharmaceutical
1736,1736,14,11,7,17,181,software
1737,1737,17,15,4,28,201,software
1738,1738,2,26,2,24,208,software
1739,1739,7,16,8,19,139,realestate
1740,1740,8,7,1,25,152,education
1741,1741,1,14,5,9,183,pharmaceutical
1742,1742,1,25,1,17,224,financial
1743,1743,13,13,7,10,104,pharmaceutical
1744,1744,8,16,5,8,188,realestate
1745,1745,6,0,0,28,83,financial
1746,1746,13,21,6,26,86,education
1747,1747,0,21,1,24,121,software
1748,1748,2,7,1,17,200,retail
1749,1749,5,17,4,8,117,software
1750,1750,2,10,2,28,210,retail
1751,1751,1,1,5,26,193,realestate
1752,1752,7,12,1,2,163,pharmaceutical
1753,1753,11,15,8,0,123,pharmaceutical
1754,1754,0,13,2,9,119,pharmaceutical
1755,1755,12,2,3,28,86,software
1756,1756,5,0,6,15,96,realestate
1757,1757,14,29,2,16,196,education
1758,1758,16,0,6,0,150,realestate
1759,1759,12,24,5,22,107,pharmaceutical
1760,1760,10,0,2,15,90,education
1761,1761,8,12,7,9,129,financial
1762,1762,18,13,3,25,95,financial
1763,1763,11,25,2,18,130,realestate
1764,1764,13,20,4,22,114,financial
1765,1765,8,13,1,5,207,pharmaceutical
1766,1766,13,3,3,26,93,financial
1767,1767,6,19,6,13,64,realestate
1768,1768,5,2,3,18,125,financial
1769,1769,3,18,3,16,170,software
1770,1770,12,1,3,7,104,financial
1771,1771,15,12,9,19,200,pharmaceutical
1772,1772,3,1,5,27,165,pharmaceutical
1773,1773,3,7,5,1,187,financial
1774,1774,17,29,3,17,195,retail
1775,1775,7,15,0,20,122,education
1776,1776,6,6,5,6,38,realestate
1777,1777,11,10,6,13,98,retail
1778,1778,12,18,5,23,89,education
1779,1779,8,20,4,26,147,realestate
1780,1780,13,26,0,17,120,software
1781,1781,16,17,3,22,154,pharmaceutical
1782,1782,5,14,7,0,124,education
1783,1783,9,6,5,1,63,education
1784,1784,1,6,9,22,218,education
1785,1785,8,0,7,16,188,realestate
1786,1786,14,26,7,12,190,software
1787,1787,5,16,4,16,101,realestate
1788,1788,18,26,2,25,61,financial
1789,1789,4,3,8,27,155,software
1790,1790,13,16,2,12,105,pharmaceutical
1791,1791,19,9,7,2,93,software
1792,1792,5,2,0,12,126,pharmaceutical
1793,1793,3,9,0,2,202,realestate
1794,1794,18,25,5,14,90,retail
1795,1795,2,25,6,5,199,realestate
1796,1796,3,21,5,23,213,retail
1797,1797,2,4,1,16,201,retail
1798,1798,17,4,8,2,201,education
1799,1799,9,15,1,26,81,education
1800,1800,0,27,5,14,122,financial
1801,1801,12,11,0,23,92,education
1802,1802,19,10,0,24,92,retail
1803,1803,6,27,7,26,48,retail
1804,1804,2,0,3,19,212,pharmaceutical
1805,1805,14,8,5,7,183,financial
1806,1806,7,6,2,11,160,financial
1807,1807,8,28,2,21,194,retail
1808,1808,1,22,2,9,192,pharmaceutical
1809,1809,17,29,8,17,187,software
1810,1810,17,4,6,22,184,realestate
1811,1811,0,10,2,5,123,software
1812,1812,2,0,0,2,211,retail
1813,1813,17,23,7,13,193,financial
1814,1814,15,25,1,6,181,software
1815,1815,4,9,3,6,161,retail
1816,1816,1,4,2,17,226,realestate
1817,1817,18,16,3,10,78,retail
1818,1818,19,20,8,11,118,education
1819,1819,19,23,2,5,104,pharmaceutical
1820,1820,0,2,7,3,119,realestate
1821,1821,9,7,9,22,45,financial
1822,1822,5,23,4,8,97,software
1823,1823,9,0,2,1,62,pharmaceutical
1824,1824,6,23,5,5,76,education
1825,1825,4,8,5,7,191,financial
1826,1826,13,18,6,1,120,realestate
1827,1827,8,0,7,6,118,software
1828,1828,19,29,5,24,91,software
1829,1829,3,24,5,27,217,pharmaceutical
1830,1830,2,11,2,9,202,realestate
1831,1831,17,15,9,15,197,pharmaceutical
1832,1832,10,16,0,29,154,education
1833,1833,12,15,9,12,86,education
1834,1834,7,2,2,3,121,pharmaceutical
1835,1835,0,6,0,20,122,pharmaceutical
1836,1836,17,4,6,18,187,pharmaceutical
1837,1837,11,9,3,20,125,financial
1838,1838,10,20,4,15,144,software
1839,1839,18,7,8,5,72,financial
1840,1840,1,27,2,9,210,education
1841,1841,15,16,3,1,208,software
1842,1842,12,0,7,11,78,software
1843,1843,4,17,6,25,156,software
1844,1844,8,7,5,21,184,pharmaceutical
1845,1845,16,17,4,29,158,financial
1846,1846,7,15,3,5,122,retail
1847,1847,18,27,9,27,77,software
1848,1848,3,26,4,27,199,education
1849,1849,5,22,3,8,126,financial
1850,1850,7,8,7,1,165,retail
1851,1851,15,14,2,4,212,education
1852,1852,17,10,1,1,193,education
1853,1853,18,21,1,27,88,financial
1854,1854,4,27,3,4,184,software
1855,1855,8,21,3,9,170,retail
1856,1856,13,25,6,8,115,software
1857,1857,19,2,5,15,77,pharmaceutical
1858,1858,1,4,9,14,207,financial
1859,1859,16,18,8,3,146,education
1860,1860,15,8,9,11,201,education
1861,1861,5,27,4,16,132,realestate
1862,1862,14,6,4,15,187,financial
1863,1863,18,16,5,11,100,software
1864,1864,4,19,8,16,190,realestate
1865,1865,15,13,9,13,194,pharmaceutical
1866,1866,12,20,3,27,86,realestate
1867,1867,14,26,1,10,195,software
1868,1868,0,19,0,23,120,retail
1869,1869,10,18,3,6,106,realestate
1870,1870,3,21,7,14,176,realestate
1871,1871,2,1,6,23,217,realestate
1872,1872,10,6,1,19,109,software
1873,1873,17,12,3,25,200,software
1874,1874,12,2,3,28,103,financial
1875,1875,9,8,9,4,68,realestate
1876,1876,3,9,6,13,178,education
1877,1877,14,8,3,8,185,realestate
1878,1878,5,2,9,2,100,software
1879,1879,10,6,6,22,106,pharmaceutical
1880,1880,19,11,7,12,102,realestate
1881,1881,1,25,7,10,204,realestate
1882,1882,6,3,5,14,57,pharmaceutical
1883,1883,4,29,3,2,143,retail
1884,1884,12,25,0,13,83,software
1885,1885,19,15,4,13,93,education
1886,1886,15,13,0,8,207,pharmaceutical
1887,1887,2,26,2,1,207,software
1888,1888,0,14,7,21,121,financial
1889,1889,9,9,9,24,49,education
1890,1890,0,2,2,1,121,retail
1891,1891,10,12,5,25,137,financial
1892,1892,6,17,6,12,57,financial
1893,1893,0,2,6,0,123,realestate
1894,1894,16,13,9,1,151,realestate
1895,1895,3,24,0,17,183,software
1896,1896,14,3,0,10,183,software
1897,1897,17,15,0,7,184,pharmaceutical
1898,1898,18,25,1,12,85,retail
1899,1899,3,14,0,7,172,pharmaceutical
1900,1900,0,13,5,28,120,pharmaceutical
1901,1901,2,16,5,11,208,pharmaceutical
1902,1902,17,14,7,26,192,software
1903,1903,16,8,7,14,146,education
1904,1904,19,13,6,18,107,pharmaceutical
1905,1905,2,2,5,17,200,education
1906,1906,3,0,0,21,198,realestate
1907,1907,14,28,7,10,189,financial
1908,1908,7,2,6,3,121,realestate
1909,1909,2,4,0,23,201,software
1910,1910,14,25,8,29,198,pharmaceutical
1911,1911,6,26,4,6,77,pharmaceutical
1912,1912,4,2,7,21,139,financial
1913,1913,14,0,9,6,191,realestate
1914,1914,8,11,0,11,159,financial
1915,1915,2,27,1,22,214,software
1916,1916,5,21,7,12,115,education
1917,1917,19,28,5,19,89,financial
1918,1918,17,18,0,22,183,pharmaceutical
1919,1919,4,20,6,3,187,financial
1920,1920,5,25,2,23,118,realestate
1921,1921,12,2,5,29,84,financial
1922,1922,7,27,5,16,145,software
1923,1923,7,27,5,28,163,pharmaceutical
1924,1924,13,18,2,19,140,financial
1925,1925,15,19,5,23,178,realestate
1926,1926,1,21,3,17,159,education
1927,1927,1,15,8,10,207,realestate
1928,1928,16,8,2,14,146,pharmaceutical
1929,1929,10,10,5,27,107,realestate
1930,1930,9,12,4,8,58,realestate
1931,1931,19,2,0,21,118,realestate
1932,1932,11,10,2,1,116,pharmaceutical
1933,1933,19,1,5,3,82,education
1934,1934,0,14,4,12,122,retail
1935,1935,7,17,8,16,147,education
1936,1936,9,4,1,6,89,pharmaceutical
1937,1937,0,7,3,20,123,financial
1938,1938,4,22,6,14,178,pharmaceutical
1939,1939,15,13,2,19,216,realestate
1940,1940,16,10,8,9,158,realestate
1941,1941,5,21,7,3,127,software
1942,1942,9,3,5,28,67,education
1943,1943,4,7,8,23,160,retail
1944,1944,18,14,8,8,58,software
1945,1945,12,5,6,5,110,retail
1946,1946,0,14,9,16,119,pharmaceutical
1947,1947,1,25,3,19,162,retail
1948,1948,4,2,7,1,136,pharmaceutical
1949,1949,3,4,8,25,206,financial
1950,1950,19,20,1,13,106,pharmaceutical
1951,1951,10,10,6,12,136,pharmaceutical
1952,1952,17,5,9,12,189,software
1953,1953,5,4,5,5,127,financial
1954,1954,14,18,0,25,197,software
1955,1955,17,17,3,10,202,financial
1956,1956,10,22,0,24,119,pharmaceutical
1957,1957,15,2,2,5,192,retail
1958,1958,11,21,3,0,110,software
1959,1959,8,16,8,1,165,software
1960,1960,13,0,3,5,118,education
1961,1961,10,5,3,29,125,pharmaceutical
1962,1962,12,3,0,15,109,realestate
1963,1963,14,17,7,17,186,realestate
1964,1964,3,29,5,3,185,retail
1965,1965,10,11,4,16,159,education
1966,1966,5,3,6,23,92,realestate
1967,1967,12,11,7,5,110,education
1968,1968,4,6,6,25,184,retail
1969,1969,10,17,6,1,114,financial
1970,1970,10,21,8,27,103,software
1971,1971,8,28,5,21,187,realestate
1972,1972,19,25,3,3,109,software
1973,1973,15,25,5,24,189,software
1974,1974,3,5,2,12,194,realestate
1975,1975,13,0,0,10,88,financial
1976,1976,7,25,5,2,132,education
1977,1977,3,9,5,3,187,financial
1978,1978,12,17,4,9,98,software
1979,1979,2,15,7,3,205,pharmaceutical
1980,1980,5,6,0,29,104,realestate
1981,1981,2,23,7,14,202,retail
1982,1982,11,19,9,4,104,pharmaceutical
1983,1983,8,27,6,13,130,retail
1984,1984,7,5,6,17,156,financial
1985,1985,1,0,9,28,190,pharmaceutical
1986,1986,13,28,3,12,126,software
1987,1987,11,17,6,4,137,software
1988,1988,2,17,7,16,212,education
1989,1989,11,25,3,21,134,retail
1990,1990,2,28,0,19,201,software
1991,1991,16,13,4,28,159,software
1992,1992,13,28,3,12,99,retail
1993,1993,9,8,6,7,70,software
1994,1994,17,10,8,1,188,software
1995,1995,9,26,0,24,98,pharmaceutical
1996,1996,7,14,9,9,127,education
1997,1997,7,24,2,25,167,software
1998,1998,11,26,6,4,121,realestate
1999,1999,16,2,3,23,152,retail
